name,employees,technical_density,stage,domain,engineers,location,industry,founded_year,faang_alumni,patent_holders,pattern_match,pattern_match_score,success_probability
Stripe,8000,73,Late Stage,,,,,,,,,,
Airbnb,6000,51,Public,,,,,,,,,,
Plaid,800,68,Late Stage,,,,,,,,,,
Coinbase,5000,64,Public,,,,,,,,,,
Figma,1200,71,Late Stage,,,,,,,,,,
CloudWorks,240,39,Series A,neuralworks.cloud,93.0,Austin,B2B SaaS,2015.0,2.0,0.0,Uber Ops-Heavy,72.0,37.2
NeuralVentures,466,69,Series C,aitechnologies.cloud,321.0,Seattle,Security,2015.0,24.0,5.0,Deep Tech R&D,78.0,55.2
DataVentures,37,31,Series A,datadynamics.dev,11.0,Seattle,Healthcare,2019.0,0.0,0.0,Deep Tech R&D,79.0,31.8
SmartDynamics,58,60,Seed,deepsolutions.data,34.0,SF Bay Area,B2B SaaS,2018.0,2.0,0.0,Early Stripe DNA,92.0,45.0
CloudDynamics,332,48,Series C,nextsolutions.data,159.0,Seattle,E-commerce,2016.0,19.0,0.0,Deep Tech R&D,70.0,45.400000000000006
NeuralSolutions,294,65,Series B,nextlabs.ai,191.0,SF Bay Area,Security,2020.0,12.0,4.0,Early Stripe DNA,71.0,60.0
QuantumSystems,435,50,Series B,smartsystems.ai,217.0,LA,Healthcare,2023.0,8.0,0.0,Deep Tech R&D,83.0,43.0
QuantumWorks,212,57,Series A,techworks.ai,120.0,LA,Fintech,2021.0,19.0,0.0,Early Stripe DNA,77.0,47.6
TechWorks,69,60,Series A,neuralanalytics.dev,41.0,LA,AI/ML,2016.0,2.0,0.0,Facebook Social,70.0,52.0
DataAnalytics,43,57,Seed,neuralsolutions.ai,24.0,Seattle,Security,2017.0,4.0,0.0,Enterprise B2B,94.0,35.6
NextAnalytics,72,32,Seed,ailabs.ai,23.0,Boston,B2B SaaS,2016.0,7.0,0.0,Early Stripe DNA,89.0,32.6
SmartVentures,343,35,Series C,aisolutions.data,120.0,Seattle,Developer Tools,2020.0,14.0,0.0,Enterprise B2B,79.0,21.0
DeepSolutions,18,26,Series A,deepsolutions.io,4.0,SF Bay Area,E-commerce,2015.0,0.0,0.0,Early Stripe DNA,93.0,11.8
QuantumSolutions,221,67,Series B,neuralsystems.data,148.0,Boston,Healthcare,2022.0,7.0,7.0,Facebook Social,71.0,46.6
MetaTechnologies,65,52,Series A,techworks.io,33.0,Austin,E-commerce,2020.0,6.0,0.0,Early Stripe DNA,72.0,37.6
CloudAnalytics,67,52,Seed,quantumsolutions.dev,34.0,SF Bay Area,Developer Tools,2023.0,0.0,0.0,Early Stripe DNA,85.0,48.6
QuantumTechnologies,2436,51,Series C,aiventures.io,1242.0,NYC,Developer Tools,2015.0,12.0,0.0,Airbnb Balanced,94.0,44.800000000000004
AIAnalytics,99,34,Series A,ailabs.cloud,33.0,LA,Healthcare,2015.0,5.0,0.0,Early Stripe DNA,66.0,35.2
NeuralWorks,77,28,Seed,cloudworks.cloud,21.0,SF Bay Area,E-commerce,2018.0,6.0,0.0,Early Stripe DNA,95.0,30.400000000000002
DataVentures,86,64,Seed,deepdynamics.tech,55.0,NYC,E-commerce,2020.0,3.0,2.0,Facebook Social,69.0,61.2
QuantumWorks,50,25,Seed,datasolutions.cloud,12.0,Seattle,Fintech,2020.0,0.0,0.0,Uber Ops-Heavy,76.0,19.0
NeuralLabs,79,64,Series A,neuralanalytics.data,50.0,SF Bay Area,Fintech,2019.0,1.0,0.0,Deep Tech R&D,82.0,45.2
NextSolutions,87,70,Seed,smarttechnologies.tech,60.0,SF Bay Area,B2B SaaS,2021.0,4.0,0.0,Early Stripe DNA,75.0,50.0
MetaLabs,479,60,Series B,dataworks.data,287.0,NYC,Healthcare,2015.0,26.0,0.0,Airbnb Balanced,83.0,55.0
NextLabs,26,44,Seed,nextsolutions.data,11.0,NYC,E-commerce,2016.0,1.0,0.0,Enterprise B2B,93.0,38.2
MetaLabs,221,36,Series A,clouddynamics.dev,79.0,Austin,Security,2018.0,8.0,0.0,Uber Ops-Heavy,90.0,21.8
AITechnologies,14,39,Series A,nextanalytics.dev,5.0,NYC,Fintech,2015.0,0.0,0.0,Facebook Social,75.0,29.200000000000003
NeuralVentures,2786,66,Series D,neuraldynamics.io,1838.0,SF Bay Area,AI/ML,2017.0,18.0,8.0,Early Stripe DNA,68.0,61.800000000000004
NeuralWorks,50,63,Series A,metasolutions.tech,31.0,SF Bay Area,E-commerce,2021.0,0.0,2.0,Enterprise B2B,86.0,46.400000000000006
NextWorks,18,64,Series A,smartanalytics.data,11.0,Austin,AI/ML,2021.0,1.0,0.0,Uber Ops-Heavy,78.0,53.2
TechAnalytics,2965,60,Series D,smartsolutions.app,1779.0,Boston,Healthcare,2020.0,14.0,0.0,Facebook Social,79.0,44.0
NeuralDynamics,31,43,Seed,datasolutions.data,13.0,Seattle,Fintech,2018.0,1.0,0.0,Early Stripe DNA,66.0,31.4
MetaSolutions,493,54,Series A,metatechnologies.app,266.0,NYC,Fintech,2015.0,28.0,0.0,Early Stripe DNA,89.0,46.2
NeuralSolutions,99,28,Series A,datatechnologies.ai,27.0,Austin,E-commerce,2023.0,8.0,0.0,Enterprise B2B,75.0,26.400000000000002
QuantumSystems,358,60,Series B,quantumtechnologies.tech,214.0,NYC,Security,2019.0,24.0,0.0,Enterprise B2B,80.0,58.0
SmartSolutions,66,70,Seed,smartdynamics.tech,46.0,Boston,B2B SaaS,2017.0,1.0,1.0,Facebook Social,87.0,50.0
QuantumVentures,308,59,Series B,techsolutions.dev,181.0,Austin,Developer Tools,2015.0,27.0,0.0,Enterprise B2B,77.0,52.2
MetaVentures,55,73,Series A,neuralsolutions.app,40.0,NYC,AI/ML,2021.0,3.0,0.0,Facebook Social,75.0,60.400000000000006
TechVentures,165,59,Series C,deeplabs.io,97.0,LA,Developer Tools,2017.0,14.0,0.0,Uber Ops-Heavy,66.0,45.2
NextVentures,37,45,Series A,smartventures.tech,16.0,SF Bay Area,Developer Tools,2015.0,0.0,0.0,Airbnb Balanced,72.0,46.0
TechSolutions,93,73,Seed,ailabs.cloud,67.0,NYC,Fintech,2017.0,7.0,0.0,Enterprise B2B,95.0,54.400000000000006
DeepWorks,42,35,Series A,cloudanalytics.io,14.0,Boston,B2B SaaS,2019.0,4.0,0.0,Deep Tech R&D,94.0,30.0
AIWorks,35,62,Seed,smartworks.dev,21.0,Boston,Security,2015.0,2.0,1.0,Deep Tech R&D,76.0,41.6
QuantumWorks,53,51,Seed,metadynamics.data,27.0,Austin,E-commerce,2017.0,3.0,0.0,Uber Ops-Heavy,88.0,46.800000000000004
MetaAnalytics,375,54,Series B,nextsolutions.dev,202.0,SF Bay Area,AI/ML,2022.0,7.0,0.0,Facebook Social,83.0,52.2
QuantumSolutions,353,36,Series B,nextanalytics.tech,127.0,Seattle,Healthcare,2019.0,17.0,0.0,Early Stripe DNA,81.0,24.8
AITechnologies,62,60,Series A,quantumtechnologies.dev,37.0,SF Bay Area,B2B SaaS,2019.0,1.0,0.0,Facebook Social,87.0,45.0
NeuralDynamics,84,55,Series A,metadynamics.tech,46.0,LA,Developer Tools,2019.0,4.0,0.0,Airbnb Balanced,72.0,37.0
CloudSolutions,480,73,Series C,aitechnologies.tech,350.0,LA,Healthcare,2023.0,19.0,9.0,Early Stripe DNA,91.0,54.400000000000006
TechSystems,56,44,Seed,smartlabs.io,24.0,Boston,AI/ML,2017.0,5.0,0.0,Facebook Social,68.0,25.200000000000003
NextSystems,70,53,Series A,techanalytics.dev,37.0,Austin,B2B SaaS,2016.0,6.0,0.0,Facebook Social,67.0,50.400000000000006
DataSolutions,176,44,Series C,dataventures.cloud,77.0,Boston,Security,2018.0,16.0,0.0,Facebook Social,79.0,39.2
DeepLabs,85,44,Series A,deepworks.dev,37.0,NYC,E-commerce,2018.0,4.0,0.0,Deep Tech R&D,67.0,30.200000000000003
TechVentures,80,35,Seed,quantumtechnologies.tech,28.0,SF Bay Area,Fintech,2019.0,4.0,0.0,Deep Tech R&D,92.0,32.0
DeepSolutions,39,75,Series A,metaworks.cloud,29.0,NYC,E-commerce,2017.0,2.0,0.0,Early Stripe DNA,66.0,55.0
DataTechnologies,391,53,Series B,smartventures.tech,207.0,Boston,Healthcare,2022.0,14.0,0.0,Early Stripe DNA,84.0,33.400000000000006
DataSolutions,409,26,Series B,deeplabs.dev,106.0,LA,Security,2019.0,18.0,0.0,Early Stripe DNA,89.0,15.8
CloudVentures,93,42,Series A,quantumworks.app,39.0,Seattle,Developer Tools,2020.0,5.0,0.0,Deep Tech R&D,68.0,28.6
MetaLabs,98,43,Series A,quantumworks.tech,42.0,Seattle,AI/ML,2016.0,6.0,0.0,Enterprise B2B,91.0,24.4
NeuralDynamics,311,37,Series A,deeptechnologies.data,115.0,Austin,Security,2015.0,6.0,0.0,Airbnb Balanced,82.0,23.6
TechSolutions,457,32,Series B,cloudanalytics.cloud,146.0,SF Bay Area,Healthcare,2021.0,2.0,0.0,Uber Ops-Heavy,91.0,18.6
SmartAnalytics,25,56,Seed,metatechnologies.app,14.0,NYC,Developer Tools,2023.0,0.0,0.0,Facebook Social,71.0,53.800000000000004
MetaDynamics,27,42,Seed,neuralanalytics.dev,11.0,SF Bay Area,AI/ML,2019.0,2.0,0.0,Enterprise B2B,86.0,38.6
NeuralVentures,347,46,Series B,quantumdynamics.dev,159.0,NYC,E-commerce,2018.0,18.0,0.0,Facebook Social,72.0,39.800000000000004
CloudTechnologies,70,49,Series A,techsystems.cloud,34.0,Boston,AI/ML,2016.0,7.0,0.0,Early Stripe DNA,81.0,43.2
CloudWorks,28,66,Series A,quantumanalytics.tech,18.0,Boston,E-commerce,2021.0,2.0,0.0,Airbnb Balanced,92.0,59.800000000000004
TechWorks,50,59,Series A,aianalytics.ai,29.0,LA,B2B SaaS,2021.0,0.0,0.0,Deep Tech R&D,87.0,40.2
TechDynamics,98,26,Series A,techanalytics.tech,25.0,Seattle,Developer Tools,2017.0,3.0,0.0,Enterprise B2B,78.0,28.8
MetaSolutions,189,64,Series A,quantumsystems.ai,120.0,Austin,E-commerce,2019.0,14.0,4.0,Deep Tech R&D,65.0,55.2
NextAnalytics,180,53,Series A,metaanalytics.app,95.0,Seattle,Fintech,2021.0,15.0,0.0,Early Stripe DNA,72.0,44.400000000000006
SmartLabs,83,69,Series A,metaanalytics.io,57.0,Boston,Security,2015.0,7.0,2.0,Uber Ops-Heavy,84.0,56.2
CloudWorks,34,68,Series A,techanalytics.dev,23.0,Austin,B2B SaaS,2020.0,1.0,0.0,Airbnb Balanced,75.0,57.400000000000006
NeuralAnalytics,26,58,Series A,cloudanalytics.dev,15.0,Austin,Security,2019.0,2.0,0.0,Airbnb Balanced,90.0,39.400000000000006
AIVentures,19,73,Seed,neuraldynamics.io,13.0,Austin,B2B SaaS,2019.0,0.0,0.0,Airbnb Balanced,86.0,56.400000000000006
AITechnologies,91,31,Series A,techdynamics.cloud,28.0,NYC,E-commerce,2016.0,7.0,0.0,Deep Tech R&D,74.0,34.8
SmartTechnologies,27,27,Seed,dataworks.ai,7.0,Boston,Fintech,2021.0,1.0,0.0,Airbnb Balanced,86.0,28.6
DataTechnologies,29,66,Series A,deepventures.tech,19.0,SF Bay Area,E-commerce,2020.0,0.0,1.0,Facebook Social,95.0,49.800000000000004
NextLabs,451,59,Series B,metaanalytics.ai,266.0,SF Bay Area,Security,2022.0,2.0,0.0,Deep Tech R&D,71.0,57.2
CloudSolutions,914,40,Series D,datasolutions.cloud,365.0,NYC,Security,2018.0,10.0,0.0,Uber Ops-Heavy,90.0,41.0
SmartSystems,28,59,Seed,datalabs.ai,16.0,SF Bay Area,AI/ML,2018.0,2.0,0.0,Airbnb Balanced,65.0,42.2
DataWorks,26,58,Series A,quantumtechnologies.dev,15.0,Seattle,Healthcare,2016.0,1.0,0.0,Enterprise B2B,72.0,55.400000000000006
TechLabs,94,54,Series A,quantumventures.app,50.0,LA,B2B SaaS,2022.0,7.0,0.0,Early Stripe DNA,93.0,35.2
SmartDynamics,28,33,Seed,metaanalytics.app,9.0,Boston,Healthcare,2021.0,0.0,0.0,Deep Tech R&D,68.0,36.400000000000006
QuantumSolutions,469,52,Series A,metadynamics.dev,243.0,Austin,Developer Tools,2021.0,23.0,0.0,Early Stripe DNA,75.0,44.6
QuantumWorks,42,34,Series A,dataworks.io,14.0,Austin,B2B SaaS,2020.0,1.0,0.0,Enterprise B2B,66.0,35.2
NextVentures,443,51,Series A,techanalytics.cloud,225.0,Seattle,AI/ML,2016.0,18.0,0.0,Enterprise B2B,71.0,34.800000000000004
NextWorks,155,60,Series B,smartsolutions.dev,93.0,Austin,Security,2023.0,0.0,0.0,Enterprise B2B,94.0,46.0
NextLabs,44,46,Series A,cloudsystems.cloud,20.0,LA,Developer Tools,2016.0,1.0,0.0,Deep Tech R&D,85.0,26.800000000000004
MetaTechnologies,77,49,Seed,nextsystems.tech,37.0,Seattle,E-commerce,2020.0,1.0,0.0,Early Stripe DNA,69.0,34.2
MetaTechnologies,141,53,Series B,deeptechnologies.app,74.0,Seattle,Fintech,2023.0,1.0,0.0,Airbnb Balanced,78.0,35.400000000000006
SmartLabs,96,58,Series A,aiventures.cloud,55.0,SF Bay Area,B2B SaaS,2018.0,4.0,0.0,Uber Ops-Heavy,89.0,40.400000000000006
MetaSystems,161,56,Series A,cloudventures.cloud,90.0,LA,Fintech,2023.0,11.0,0.0,Early Stripe DNA,77.0,35.800000000000004
DeepVentures,68,45,Seed,deepventures.data,30.0,LA,Developer Tools,2019.0,0.0,0.0,Facebook Social,65.0,36.0
NextWorks,89,69,Series A,metaworks.ai,61.0,Austin,Healthcare,2021.0,8.0,0.0,Facebook Social,92.0,54.2
NeuralWorks,498,29,Series A,neuralsolutions.dev,144.0,Seattle,AI/ML,2017.0,7.0,0.0,Early Stripe DNA,69.0,21.200000000000003
DataSystems,87,73,Seed,quantumtechnologies.dev,63.0,Boston,Security,2022.0,5.0,2.0,Uber Ops-Heavy,79.0,50.400000000000006
SmartLabs,90,75,Series A,nextworks.tech,67.0,Austin,Developer Tools,2015.0,0.0,2.0,Airbnb Balanced,67.0,70.0
DeepLabs,4653,54,Series D,quantumsolutions.tech,2512.0,Boston,Developer Tools,2023.0,4.0,0.0,Early Stripe DNA,79.0,36.2
CloudLabs,465,57,Series A,aitechnologies.app,265.0,Boston,Healthcare,2017.0,11.0,0.0,Airbnb Balanced,94.0,44.6
NextWorks,53,75,Seed,nextworks.cloud,39.0,LA,Developer Tools,2019.0,2.0,2.0,Deep Tech R&D,95.0,69.0
NextAnalytics,398,34,Series C,metasystems.cloud,135.0,LA,B2B SaaS,2019.0,17.0,0.0,Facebook Social,85.0,27.200000000000003
DataVentures,478,58,Series C,neuraldynamics.io,277.0,Seattle,AI/ML,2017.0,30.0,0.0,Uber Ops-Heavy,75.0,51.400000000000006
SmartWorks,27,29,Seed,neurallabs.data,7.0,Seattle,Security,2017.0,2.0,0.0,Facebook Social,69.0,18.200000000000003
QuantumLabs,98,71,Seed,metadynamics.data,69.0,LA,Fintech,2022.0,9.0,2.0,Deep Tech R&D,90.0,60.800000000000004
QuantumSolutions,40,75,Series A,nexttechnologies.app,30.0,Seattle,Security,2021.0,4.0,2.0,Facebook Social,95.0,55.0
QuantumDynamics,170,28,Series B,neuralworks.data,47.0,Boston,Security,2016.0,9.0,0.0,Early Stripe DNA,89.0,17.400000000000002
DataSolutions,75,52,Seed,quantumdynamics.io,39.0,Austin,B2B SaaS,2021.0,5.0,0.0,Uber Ops-Heavy,77.0,33.6
NextSystems,13,31,Series A,cloudlabs.tech,4.0,Austin,E-commerce,2017.0,1.0,0.0,Facebook Social,84.0,14.8
DeepVentures,210,60,Series A,dataanalytics.ai,126.0,Seattle,B2B SaaS,2015.0,7.0,0.0,Facebook Social,85.0,57.0
NeuralLabs,24,63,Series A,neuralsolutions.data,15.0,NYC,AI/ML,2021.0,0.0,1.0,Uber Ops-Heavy,83.0,53.400000000000006
NextWorks,95,58,Seed,neurallabs.app,55.0,Austin,B2B SaaS,2021.0,5.0,0.0,Airbnb Balanced,88.0,36.400000000000006
DataDynamics,18,40,Series A,cloudlabs.tech,7.0,Boston,AI/ML,2017.0,1.0,0.0,Deep Tech R&D,80.0,42.0
QuantumLabs,27,70,Seed,smartsolutions.io,18.0,NYC,B2B SaaS,2020.0,1.0,1.0,Enterprise B2B,80.0,54.0
NextLabs,92,43,Seed,nextanalytics.io,39.0,Seattle,Developer Tools,2021.0,7.0,0.0,Facebook Social,75.0,29.4
SmartWorks,73,58,Series A,metaworks.app,42.0,Boston,Security,2017.0,4.0,0.0,Airbnb Balanced,68.0,38.400000000000006
DeepVentures,47,53,Series A,cloudtechnologies.tech,24.0,Austin,B2B SaaS,2020.0,4.0,0.0,Facebook Social,73.0,52.400000000000006
MetaDynamics,1114,75,Late Stage,neuralsystems.io,835.0,NYC,Security,2022.0,1.0,4.0,Early Stripe DNA,72.0,70.0
CloudTechnologies,59,63,Seed,nextdynamics.app,37.0,SF Bay Area,Healthcare,2017.0,4.0,1.0,Facebook Social,75.0,60.400000000000006
CloudTechnologies,24,72,Seed,neuralventures.cloud,17.0,SF Bay Area,AI/ML,2019.0,2.0,1.0,Uber Ops-Heavy,84.0,56.6
DataTechnologies,2139,33,Series C,cloudtechnologies.io,705.0,LA,Security,2020.0,21.0,0.0,Airbnb Balanced,87.0,18.400000000000002
CloudDynamics,47,35,Series A,neuralsolutions.io,16.0,NYC,Security,2017.0,1.0,0.0,Facebook Social,65.0,29.0
CloudWorks,57,60,Series A,dataanalytics.app,34.0,LA,E-commerce,2022.0,4.0,0.0,Facebook Social,89.0,51.0
QuantumTechnologies,262,29,Series C,neuraldynamics.ai,75.0,Boston,E-commerce,2017.0,24.0,0.0,Uber Ops-Heavy,78.0,29.200000000000003
SmartSystems,163,34,Series C,clouddynamics.data,55.0,NYC,AI/ML,2023.0,9.0,0.0,Early Stripe DNA,73.0,23.200000000000003
DeepWorks,164,44,Series C,neuralsystems.cloud,72.0,Boston,Fintech,2017.0,10.0,0.0,Enterprise B2B,66.0,25.200000000000003
AIVentures,92,66,Series A,deeplabs.app,60.0,LA,Healthcare,2019.0,4.0,3.0,Uber Ops-Heavy,90.0,54.800000000000004
QuantumVentures,19,35,Seed,quantumtechnologies.ai,6.0,Seattle,Healthcare,2017.0,1.0,0.0,Deep Tech R&D,75.0,29.0
DataDynamics,289,60,Series C,aitechnologies.io,173.0,Seattle,Developer Tools,2018.0,4.0,0.0,Early Stripe DNA,66.0,47.0
NextDynamics,3925,35,Series C,aisystems.app,1373.0,Boston,Developer Tools,2022.0,28.0,0.0,Airbnb Balanced,80.0,18.0
AIDynamics,60,40,Series A,techlabs.tech,24.0,Austin,Healthcare,2022.0,2.0,0.0,Enterprise B2B,65.0,25.0
MetaDynamics,43,73,Series A,techventures.io,31.0,Boston,Healthcare,2018.0,2.0,2.0,Airbnb Balanced,67.0,60.400000000000006
DeepWorks,80,64,Series A,cloudworks.app,51.0,Seattle,Security,2020.0,8.0,2.0,Uber Ops-Heavy,71.0,60.2
TechSystems,74,27,Seed,nexttechnologies.cloud,19.0,Austin,Fintech,2023.0,2.0,0.0,Airbnb Balanced,94.0,30.6
NextTechnologies,60,62,Series A,deepanalytics.app,37.0,SF Bay Area,AI/ML,2020.0,5.0,0.0,Facebook Social,83.0,48.6
DeepTechnologies,452,26,Series C,smartsolutions.data,117.0,SF Bay Area,Healthcare,2022.0,5.0,0.0,Enterprise B2B,85.0,29.8
DeepWorks,448,27,Series A,ailabs.app,120.0,Seattle,Developer Tools,2017.0,13.0,0.0,Deep Tech R&D,71.0,24.6
TechSystems,88,72,Series A,neuralsolutions.cloud,63.0,Seattle,E-commerce,2022.0,8.0,3.0,Airbnb Balanced,95.0,52.6
NextAnalytics,78,59,Series A,deeptechnologies.ai,46.0,NYC,AI/ML,2023.0,4.0,0.0,Uber Ops-Heavy,95.0,46.2
NextTechnologies,453,56,Series C,nextanalytics.tech,253.0,SF Bay Area,Healthcare,2023.0,12.0,0.0,Facebook Social,91.0,45.800000000000004
DataDynamics,248,43,Series A,quantumanalytics.data,106.0,Austin,Fintech,2018.0,17.0,0.0,Airbnb Balanced,94.0,41.4
AISolutions,415,62,Series C,techsolutions.data,257.0,NYC,B2B SaaS,2016.0,13.0,10.0,Deep Tech R&D,80.0,42.6
QuantumTechnologies,381,51,Series A,aianalytics.tech,194.0,Seattle,E-commerce,2015.0,29.0,0.0,Early Stripe DNA,85.0,48.800000000000004
CloudLabs,14,51,Seed,metatechnologies.ai,7.0,LA,Security,2019.0,0.0,0.0,Early Stripe DNA,74.0,48.800000000000004
NeuralTechnologies,3244,54,Series D,cloudtechnologies.tech,1751.0,NYC,Security,2016.0,10.0,0.0,Uber Ops-Heavy,88.0,47.2
SmartSolutions,107,46,Series C,cloudventures.dev,49.0,Austin,Healthcare,2020.0,1.0,0.0,Facebook Social,86.0,29.800000000000004
AILabs,27,45,Series A,smartventures.ai,12.0,Austin,Security,2019.0,1.0,0.0,Airbnb Balanced,83.0,44.0
AILabs,93,69,Series A,datatechnologies.tech,64.0,NYC,Developer Tools,2023.0,4.0,0.0,Deep Tech R&D,94.0,54.2
QuantumSystems,38,33,Seed,quantumdynamics.app,12.0,LA,Healthcare,2022.0,1.0,0.0,Uber Ops-Heavy,86.0,35.400000000000006
NextWorks,328,70,Series C,deepworks.io,229.0,Boston,Healthcare,2018.0,18.0,4.0,Uber Ops-Heavy,75.0,62.0
DeepTechnologies,97,70,Seed,datatechnologies.dev,67.0,SF Bay Area,Developer Tools,2017.0,8.0,3.0,Facebook Social,83.0,47.0
TechVentures,96,71,Series A,smartlabs.data,68.0,NYC,Healthcare,2016.0,0.0,3.0,Airbnb Balanced,87.0,48.800000000000004
TechAnalytics,17,55,Seed,metasystems.dev,9.0,NYC,Security,2021.0,1.0,0.0,Facebook Social,79.0,46.0
NextWorks,97,66,Seed,cloudventures.cloud,64.0,NYC,E-commerce,2018.0,0.0,0.0,Airbnb Balanced,79.0,59.800000000000004
QuantumDynamics,58,40,Seed,cloudanalytics.ai,23.0,LA,Security,2016.0,0.0,0.0,Deep Tech R&D,78.0,41.0
DataWorks,628,38,Series C,deeplabs.app,238.0,Boston,E-commerce,2015.0,7.0,0.0,Deep Tech R&D,66.0,32.400000000000006
TechSystems,79,73,Seed,neuralanalytics.ai,57.0,LA,Healthcare,2020.0,5.0,1.0,Airbnb Balanced,93.0,52.400000000000006
TechSystems,311,42,Series B,metatechnologies.io,130.0,Seattle,E-commerce,2021.0,25.0,0.0,Enterprise B2B,75.0,36.6
NeuralTechnologies,48,36,Series A,aisolutions.tech,17.0,LA,Fintech,2022.0,0.0,0.0,Enterprise B2B,78.0,31.8
SmartSolutions,27,40,Series A,nextworks.app,10.0,Seattle,B2B SaaS,2023.0,2.0,0.0,Uber Ops-Heavy,66.0,30.0
AISolutions,87,29,Seed,quantumsolutions.dev,25.0,Seattle,AI/ML,2015.0,3.0,0.0,Uber Ops-Heavy,95.0,16.200000000000003
AIVentures,224,63,Series C,aidynamics.dev,141.0,Seattle,Developer Tools,2022.0,17.0,10.0,Airbnb Balanced,74.0,48.400000000000006
QuantumDynamics,73,31,Series A,aidynamics.tech,22.0,Austin,B2B SaaS,2018.0,2.0,0.0,Early Stripe DNA,73.0,31.8
AIDynamics,313,34,Series B,aiventures.cloud,106.0,NYC,Developer Tools,2023.0,20.0,0.0,Deep Tech R&D,75.0,25.200000000000003
QuantumTechnologies,470,72,Series C,clouddynamics.ai,338.0,NYC,E-commerce,2023.0,15.0,5.0,Enterprise B2B,85.0,48.6
TechVentures,19,73,Seed,cloudsolutions.io,13.0,LA,Fintech,2015.0,0.0,0.0,Airbnb Balanced,66.0,67.4
TechLabs,4458,70,Late Stage,neuralventures.io,3120.0,SF Bay Area,Healthcare,2019.0,17.0,9.0,Early Stripe DNA,81.0,59.0
CloudSolutions,1376,58,Series C,aianalytics.dev,798.0,Seattle,AI/ML,2021.0,2.0,0.0,Airbnb Balanced,95.0,48.400000000000006
DataLabs,41,44,Seed,dataventures.app,18.0,Austin,Healthcare,2022.0,0.0,0.0,Deep Tech R&D,65.0,30.200000000000003
DataLabs,65,61,Series A,aisolutions.dev,39.0,LA,Healthcare,2022.0,2.0,0.0,Early Stripe DNA,86.0,46.800000000000004
TechSolutions,116,45,Series A,deepsystems.dev,52.0,LA,Security,2021.0,1.0,0.0,Airbnb Balanced,70.0,44.0
CloudWorks,59,49,Series A,neuraldynamics.io,28.0,SF Bay Area,Developer Tools,2018.0,0.0,0.0,Airbnb Balanced,84.0,48.2
SmartTechnologies,496,26,Series B,quantumsolutions.tech,128.0,Boston,Developer Tools,2021.0,5.0,0.0,Deep Tech R&D,83.0,22.8
DataWorks,89,40,Series A,smartsystems.app,35.0,LA,Security,2017.0,6.0,0.0,Airbnb Balanced,76.0,25.0
SmartWorks,49,48,Series A,cloudworks.ai,23.0,Austin,Developer Tools,2023.0,4.0,0.0,Enterprise B2B,78.0,31.400000000000006
DeepDynamics,55,63,Seed,metalabs.tech,34.0,Austin,Developer Tools,2016.0,5.0,2.0,Uber Ops-Heavy,83.0,56.400000000000006
SmartAnalytics,58,33,Seed,smarttechnologies.ai,19.0,SF Bay Area,Fintech,2021.0,2.0,0.0,Facebook Social,74.0,31.400000000000002
QuantumSolutions,226,65,Series C,quantumworks.ai,146.0,Seattle,B2B SaaS,2021.0,10.0,9.0,Facebook Social,90.0,52.0
NextSolutions,65,44,Seed,quantumdynamics.ai,28.0,Austin,AI/ML,2019.0,5.0,0.0,Deep Tech R&D,85.0,40.2
MetaDynamics,266,42,Series B,datasolutions.cloud,111.0,Boston,Fintech,2023.0,0.0,0.0,Deep Tech R&D,79.0,29.6
MetaTechnologies,47,75,Seed,cloudanalytics.ai,35.0,Seattle,E-commerce,2017.0,3.0,1.0,Early Stripe DNA,79.0,69.0
TechDynamics,61,59,Series A,neuralworks.io,35.0,NYC,E-commerce,2020.0,1.0,0.0,Deep Tech R&D,84.0,38.2
NextVentures,92,73,Series A,datalabs.io,67.0,Seattle,Fintech,2023.0,8.0,4.0,Enterprise B2B,87.0,66.4
DeepSystems,57,54,Series A,nextlabs.app,30.0,SF Bay Area,AI/ML,2021.0,0.0,0.0,Early Stripe DNA,91.0,37.2
AITechnologies,53,75,Series A,nexttechnologies.io,39.0,Austin,E-commerce,2022.0,2.0,0.0,Airbnb Balanced,66.0,53.0
CloudSolutions,53,68,Seed,neuralsystems.cloud,36.0,NYC,AI/ML,2023.0,3.0,1.0,Uber Ops-Heavy,90.0,56.400000000000006
TechSolutions,436,50,Series B,quantumventures.app,218.0,SF Bay Area,E-commerce,2018.0,6.0,0.0,Airbnb Balanced,89.0,32.0
NextSolutions,78,48,Seed,quantumworks.tech,37.0,LA,Security,2022.0,5.0,0.0,Enterprise B2B,77.0,47.400000000000006
QuantumSystems,24,47,Series A,smartworks.data,11.0,NYC,AI/ML,2016.0,0.0,0.0,Airbnb Balanced,68.0,32.6
DeepSystems,28,51,Series A,deepventures.app,14.0,NYC,Developer Tools,2023.0,2.0,0.0,Deep Tech R&D,94.0,35.800000000000004
CloudDynamics,72,33,Series A,quantumlabs.dev,23.0,Seattle,B2B SaaS,2022.0,2.0,0.0,Uber Ops-Heavy,91.0,28.400000000000002
QuantumVentures,353,68,Series B,quantumtechnologies.ai,240.0,SF Bay Area,Healthcare,2015.0,25.0,7.0,Airbnb Balanced,66.0,52.400000000000006
QuantumTechnologies,46,74,Seed,neuralworks.cloud,34.0,SF Bay Area,AI/ML,2023.0,2.0,2.0,Early Stripe DNA,89.0,63.2
AIAnalytics,64,72,Seed,techtechnologies.tech,46.0,Seattle,Security,2016.0,3.0,0.0,Uber Ops-Heavy,71.0,65.6
CloudSolutions,4007,64,Series C,ailabs.cloud,2564.0,Seattle,Healthcare,2019.0,19.0,5.0,Airbnb Balanced,87.0,50.2
MetaLabs,44,33,Seed,smartsystems.data,14.0,NYC,Fintech,2017.0,2.0,0.0,Uber Ops-Heavy,89.0,28.400000000000002
MetaVentures,83,65,Series A,quantumworks.data,53.0,SF Bay Area,Developer Tools,2023.0,4.0,2.0,Facebook Social,95.0,57.0
QuantumDynamics,10,71,Seed,dataventures.ai,7.0,Austin,Security,2018.0,1.0,0.0,Airbnb Balanced,91.0,55.800000000000004
QuantumDynamics,83,61,Seed,techlabs.io,50.0,LA,Security,2022.0,0.0,0.0,Uber Ops-Heavy,79.0,52.800000000000004
CloudAnalytics,64,69,Seed,cloudanalytics.io,44.0,LA,AI/ML,2019.0,0.0,2.0,Deep Tech R&D,93.0,65.2
AIVentures,60,71,Series A,dataworks.io,42.0,NYC,Developer Tools,2016.0,1.0,1.0,Enterprise B2B,86.0,60.800000000000004
MetaSystems,99,32,Series A,quantumworks.ai,31.0,Austin,B2B SaaS,2016.0,1.0,0.0,Airbnb Balanced,76.0,24.6
NeuralLabs,27,29,Seed,deepsystems.app,7.0,Seattle,E-commerce,2018.0,2.0,0.0,Deep Tech R&D,69.0,26.200000000000003
CloudWorks,211,31,Series A,deepventures.tech,65.0,Austin,AI/ML,2017.0,7.0,0.0,Airbnb Balanced,85.0,16.8
TechAnalytics,86,74,Series A,aisolutions.data,63.0,Austin,AI/ML,2015.0,3.0,3.0,Facebook Social,68.0,56.2
TechDynamics,86,58,Seed,nextsystems.app,49.0,Boston,Developer Tools,2020.0,8.0,0.0,Deep Tech R&D,70.0,51.400000000000006
TechAnalytics,108,29,Series C,ailabs.io,31.0,Austin,Healthcare,2019.0,10.0,0.0,Deep Tech R&D,81.0,26.200000000000003
NeuralSystems,61,65,Seed,smartworks.tech,39.0,SF Bay Area,Healthcare,2018.0,6.0,1.0,Enterprise B2B,75.0,54.0
MetaSolutions,93,44,Seed,techsolutions.io,40.0,Austin,B2B SaaS,2022.0,9.0,0.0,Enterprise B2B,66.0,34.2
CloudLabs,189,25,Series A,cloudtechnologies.tech,47.0,Boston,Healthcare,2019.0,5.0,0.0,Airbnb Balanced,69.0,18.0
SmartWorks,115,52,Series B,smartworks.app,59.0,Austin,Healthcare,2020.0,0.0,0.0,Facebook Social,92.0,49.6
DataWorks,30,74,Series A,ailabs.io,22.0,SF Bay Area,Fintech,2015.0,3.0,1.0,Facebook Social,94.0,53.2
NextSolutions,14,39,Series A,metadynamics.tech,5.0,SF Bay Area,Healthcare,2020.0,0.0,0.0,Enterprise B2B,86.0,22.200000000000003
DataTechnologies,76,50,Seed,smartanalytics.tech,38.0,SF Bay Area,Healthcare,2022.0,0.0,0.0,Airbnb Balanced,71.0,39.0
NextTechnologies,48,54,Seed,aisolutions.ai,25.0,SF Bay Area,Developer Tools,2015.0,1.0,0.0,Enterprise B2B,76.0,53.2
MetaAnalytics,3244,73,Series C,datasolutions.cloud,2368.0,NYC,Developer Tools,2022.0,30.0,1.0,Uber Ops-Heavy,87.0,56.400000000000006
NextTechnologies,39,69,Series A,dataworks.cloud,26.0,NYC,E-commerce,2021.0,0.0,0.0,Facebook Social,86.0,49.2
NextDynamics,43,50,Series A,quantumanalytics.ai,21.0,SF Bay Area,Fintech,2017.0,4.0,0.0,Early Stripe DNA,69.0,33.0
DataDynamics,69,51,Series A,aitechnologies.tech,35.0,Austin,AI/ML,2016.0,0.0,0.0,Uber Ops-Heavy,90.0,39.800000000000004
CloudWorks,120,45,Series A,aidynamics.app,54.0,Boston,B2B SaaS,2019.0,4.0,0.0,Uber Ops-Heavy,65.0,38.0
QuantumWorks,381,31,Series A,cloudworks.io,118.0,SF Bay Area,Security,2018.0,4.0,0.0,Uber Ops-Heavy,91.0,26.8
DeepAnalytics,90,62,Seed,datalabs.io,55.0,NYC,E-commerce,2022.0,2.0,0.0,Airbnb Balanced,68.0,40.6
MetaTechnologies,393,71,Series B,techventures.data,279.0,Austin,Fintech,2020.0,6.0,5.0,Airbnb Balanced,73.0,60.800000000000004
SmartTechnologies,417,40,Series C,metatechnologies.io,166.0,SF Bay Area,AI/ML,2021.0,4.0,0.0,Facebook Social,71.0,42.0
TechVentures,422,75,Series C,nexttechnologies.cloud,316.0,Austin,AI/ML,2023.0,10.0,12.0,Airbnb Balanced,70.0,50.0
SmartLabs,38,74,Seed,quantumdynamics.dev,28.0,Boston,Fintech,2017.0,0.0,0.0,Deep Tech R&D,72.0,57.2
MetaDynamics,17,61,Seed,cloudsystems.ai,10.0,Boston,AI/ML,2020.0,0.0,0.0,Enterprise B2B,83.0,42.800000000000004
SmartSystems,34,59,Series A,quantumlabs.io,20.0,SF Bay Area,Fintech,2018.0,0.0,0.0,Enterprise B2B,80.0,37.2
NextSystems,88,33,Seed,nextlabs.io,29.0,NYC,Healthcare,2017.0,1.0,0.0,Enterprise B2B,92.0,27.400000000000002
DataDynamics,439,62,Series B,smartdynamics.ai,272.0,NYC,E-commerce,2021.0,25.0,15.0,Deep Tech R&D,75.0,44.6
DeepSystems,414,39,Series B,metaanalytics.data,161.0,LA,AI/ML,2017.0,5.0,0.0,Deep Tech R&D,65.0,39.2
DeepDynamics,82,36,Seed,deepsolutions.data,29.0,Boston,B2B SaaS,2022.0,2.0,0.0,Airbnb Balanced,88.0,20.8
DataDynamics,50,65,Seed,quantumlabs.tech,32.0,NYC,Fintech,2016.0,2.0,1.0,Early Stripe DNA,88.0,42.0
MetaTechnologies,66,35,Series A,metadynamics.cloud,23.0,Austin,B2B SaaS,2022.0,6.0,0.0,Enterprise B2B,85.0,25.0
TechDynamics,19,43,Seed,smartworks.io,8.0,Seattle,Fintech,2021.0,0.0,0.0,Deep Tech R&D,67.0,41.4
QuantumLabs,3268,74,Late Stage,metasystems.cloud,2418.0,Austin,Fintech,2015.0,3.0,10.0,Uber Ops-Heavy,71.0,62.2
SmartAnalytics,473,41,Series C,aiworks.io,193.0,Austin,Healthcare,2023.0,26.0,0.0,Facebook Social,69.0,23.800000000000004
DeepTechnologies,64,43,Seed,aiworks.io,27.0,NYC,Fintech,2019.0,0.0,0.0,Facebook Social,92.0,27.4
SmartWorks,60,56,Series A,neuralventures.ai,33.0,Seattle,Developer Tools,2020.0,1.0,0.0,Facebook Social,66.0,42.800000000000004
DeepLabs,43,42,Seed,cloudworks.io,18.0,LA,AI/ML,2023.0,3.0,0.0,Enterprise B2B,72.0,40.6
QuantumSolutions,59,59,Series A,quantumanalytics.io,34.0,Austin,Security,2015.0,4.0,0.0,Enterprise B2B,93.0,53.2
QuantumSystems,417,32,Series A,cloudsolutions.dev,133.0,NYC,Fintech,2015.0,13.0,0.0,Early Stripe DNA,86.0,28.6
SmartDynamics,90,63,Seed,dataworks.app,56.0,Boston,Developer Tools,2023.0,5.0,2.0,Enterprise B2B,79.0,40.400000000000006
MetaSystems,367,32,Series B,cloudworks.io,117.0,Boston,Security,2016.0,25.0,0.0,Airbnb Balanced,92.0,32.6
QuantumTechnologies,2663,66,Series D,techsystems.tech,1757.0,Austin,Fintech,2021.0,1.0,12.0,Airbnb Balanced,87.0,49.800000000000004
TechDynamics,70,48,Series A,smartanalytics.tech,33.0,Austin,Security,2016.0,3.0,0.0,Uber Ops-Heavy,74.0,42.400000000000006
DataSolutions,473,63,Series B,quantumsolutions.dev,297.0,Austin,E-commerce,2022.0,24.0,11.0,Early Stripe DNA,81.0,45.400000000000006
NeuralLabs,100,33,Series A,cloudsolutions.dev,33.0,NYC,Security,2015.0,3.0,0.0,Early Stripe DNA,79.0,17.400000000000002
NeuralVentures,240,54,Series B,datalabs.ai,129.0,Seattle,Developer Tools,2022.0,5.0,0.0,Facebook Social,83.0,50.2
DataAnalytics,30,72,Series A,techventures.io,21.0,NYC,Security,2018.0,1.0,0.0,Deep Tech R&D,71.0,55.6
QuantumSystems,499,25,Series C,cloudlabs.ai,124.0,Seattle,Healthcare,2019.0,22.0,0.0,Deep Tech R&D,85.0,18.0
SmartSolutions,58,54,Series A,quantumanalytics.data,31.0,Boston,Security,2021.0,4.0,0.0,Early Stripe DNA,65.0,49.2
DeepAnalytics,3565,75,Late Stage,smartworks.app,2673.0,SF Bay Area,AI/ML,2019.0,20.0,10.0,Airbnb Balanced,73.0,70.0
NeuralSolutions,2947,34,Series C,techventures.data,1001.0,Seattle,E-commerce,2017.0,23.0,0.0,Early Stripe DNA,85.0,32.2
TechSolutions,314,49,Series B,nextsolutions.data,153.0,Boston,E-commerce,2022.0,29.0,0.0,Deep Tech R&D,76.0,45.2
DataTechnologies,31,43,Seed,cloudanalytics.data,13.0,Boston,Security,2017.0,2.0,0.0,Deep Tech R&D,67.0,31.4
NextDynamics,49,75,Series A,smartanalytics.app,36.0,SF Bay Area,Developer Tools,2015.0,4.0,2.0,Enterprise B2B,67.0,65.0
SmartVentures,448,58,Series B,techsystems.ai,259.0,NYC,AI/ML,2021.0,18.0,0.0,Facebook Social,69.0,46.400000000000006
CloudDynamics,141,46,Series B,techlabs.app,64.0,Seattle,Fintech,2017.0,9.0,0.0,Uber Ops-Heavy,80.0,28.800000000000004
MetaTechnologies,65,50,Series A,metalabs.io,32.0,Boston,Fintech,2020.0,0.0,0.0,Airbnb Balanced,89.0,46.0
AISolutions,96,65,Seed,nextanalytics.ai,62.0,SF Bay Area,Developer Tools,2023.0,9.0,2.0,Uber Ops-Heavy,67.0,43.0
NeuralDynamics,47,71,Series A,metasystems.tech,33.0,Austin,AI/ML,2018.0,1.0,1.0,Early Stripe DNA,72.0,53.800000000000004
NeuralSystems,475,62,Series A,datadynamics.data,294.0,LA,Security,2015.0,12.0,8.0,Enterprise B2B,84.0,40.6
TechLabs,16,66,Seed,dataventures.app,10.0,Austin,B2B SaaS,2023.0,1.0,0.0,Deep Tech R&D,69.0,48.800000000000004
DataAnalytics,254,67,Series B,deepsystems.app,170.0,SF Bay Area,Healthcare,2016.0,9.0,1.0,Early Stripe DNA,80.0,49.6
MetaAnalytics,367,47,Series A,cloudlabs.cloud,172.0,Austin,Fintech,2022.0,10.0,0.0,Uber Ops-Heavy,65.0,27.6
NeuralWorks,4547,30,Series C,dataanalytics.data,1364.0,NYC,Developer Tools,2019.0,8.0,0.0,Facebook Social,66.0,17.0
NextVentures,2880,68,Series D,dataworks.dev,1958.0,SF Bay Area,B2B SaaS,2017.0,21.0,5.0,Airbnb Balanced,76.0,58.400000000000006
NextSystems,475,48,Series A,dataventures.app,228.0,Austin,AI/ML,2021.0,22.0,0.0,Facebook Social,90.0,41.400000000000006
TechSystems,157,69,Series A,dataventures.cloud,108.0,Austin,Security,2022.0,5.0,6.0,Airbnb Balanced,84.0,45.2
DataVentures,1570,56,Series D,quantumlabs.io,879.0,Seattle,E-commerce,2020.0,0.0,0.0,Deep Tech R&D,92.0,50.800000000000004
NextWorks,389,67,Series A,metasolutions.app,260.0,Seattle,E-commerce,2021.0,4.0,1.0,Early Stripe DNA,85.0,48.6
DataTechnologies,70,35,Series A,nextsolutions.tech,24.0,Seattle,B2B SaaS,2023.0,3.0,0.0,Enterprise B2B,85.0,30.0
QuantumTechnologies,40,54,Seed,datatechnologies.app,21.0,Seattle,B2B SaaS,2022.0,0.0,0.0,Early Stripe DNA,77.0,46.2
DeepAnalytics,80,30,Seed,neuralsolutions.data,24.0,LA,Developer Tools,2020.0,5.0,0.0,Early Stripe DNA,91.0,21.0
QuantumDynamics,492,63,Series C,quantumworks.io,309.0,LA,Fintech,2015.0,10.0,11.0,Deep Tech R&D,95.0,49.400000000000006
CloudTechnologies,57,27,Seed,cloudventures.io,15.0,Seattle,Healthcare,2018.0,1.0,0.0,Early Stripe DNA,94.0,23.6
MetaLabs,34,31,Series A,deepworks.dev,10.0,Austin,Developer Tools,2023.0,1.0,0.0,Facebook Social,65.0,30.8
NeuralSystems,321,55,Series C,deepsystems.data,176.0,NYC,B2B SaaS,2021.0,21.0,0.0,Enterprise B2B,84.0,44.0
AIAnalytics,59,63,Series A,metadynamics.tech,37.0,Austin,Security,2017.0,1.0,1.0,Enterprise B2B,87.0,56.400000000000006
NeuralSolutions,99,70,Series A,aisolutions.cloud,69.0,LA,AI/ML,2020.0,2.0,1.0,Enterprise B2B,82.0,66.0
QuantumVentures,24,60,Series A,neuralanalytics.dev,14.0,Austin,Security,2015.0,2.0,0.0,Early Stripe DNA,65.0,50.0
SmartSystems,95,37,Seed,smartanalytics.ai,35.0,SF Bay Area,E-commerce,2019.0,3.0,0.0,Enterprise B2B,66.0,30.6
AIVentures,445,60,Series C,aianalytics.data,267.0,LA,B2B SaaS,2021.0,12.0,0.0,Facebook Social,95.0,48.0
DeepTechnologies,480,37,Series B,aidynamics.dev,177.0,Boston,Healthcare,2018.0,24.0,0.0,Deep Tech R&D,95.0,25.6
CloudWorks,32,36,Seed,metalabs.app,11.0,Seattle,Healthcare,2019.0,1.0,0.0,Uber Ops-Heavy,83.0,26.8
CloudDynamics,69,27,Seed,deeplabs.dev,18.0,LA,Healthcare,2019.0,3.0,0.0,Enterprise B2B,82.0,22.6
AISystems,100,58,Series A,neuralworks.dev,58.0,Boston,Fintech,2021.0,8.0,0.0,Enterprise B2B,77.0,38.400000000000006
NextAnalytics,37,46,Series A,aitechnologies.cloud,17.0,LA,B2B SaaS,2016.0,2.0,0.0,Facebook Social,72.0,46.800000000000004
MetaWorks,120,45,Series C,metaanalytics.cloud,54.0,LA,AI/ML,2015.0,8.0,0.0,Airbnb Balanced,81.0,42.0
AIDynamics,15,66,Series A,neuralworks.io,9.0,NYC,Security,2023.0,0.0,0.0,Uber Ops-Heavy,86.0,62.800000000000004
NeuralVentures,3975,38,Series C,datasystems.io,1510.0,Austin,E-commerce,2020.0,1.0,0.0,Early Stripe DNA,67.0,21.400000000000002
AIAnalytics,42,61,Seed,metaventures.app,25.0,LA,Developer Tools,2021.0,2.0,0.0,Facebook Social,86.0,41.800000000000004
DeepLabs,92,73,Seed,datadynamics.cloud,67.0,SF Bay Area,AI/ML,2019.0,9.0,0.0,Airbnb Balanced,89.0,62.400000000000006
CloudSolutions,94,55,Seed,cloudventures.dev,51.0,Boston,AI/ML,2017.0,4.0,0.0,Deep Tech R&D,93.0,54.0
TechLabs,11,32,Seed,deepventures.cloud,3.0,Boston,B2B SaaS,2019.0,0.0,0.0,Deep Tech R&D,88.0,26.6
CloudSolutions,92,35,Seed,deepanalytics.ai,32.0,SF Bay Area,Fintech,2015.0,8.0,0.0,Facebook Social,85.0,35.0
DataSolutions,95,41,Seed,deeptechnologies.tech,38.0,Seattle,Fintech,2018.0,1.0,0.0,Airbnb Balanced,84.0,24.800000000000004
SmartSystems,330,64,Series B,deepdynamics.dev,211.0,Seattle,Developer Tools,2017.0,0.0,10.0,Uber Ops-Heavy,90.0,48.2
NextTechnologies,241,33,Series B,quantumtechnologies.tech,79.0,Seattle,Developer Tools,2023.0,3.0,0.0,Uber Ops-Heavy,85.0,35.400000000000006
AIAnalytics,45,59,Seed,dataworks.io,26.0,Boston,E-commerce,2015.0,4.0,0.0,Enterprise B2B,77.0,55.2
NeuralTechnologies,14,59,Series A,clouddynamics.app,8.0,NYC,Security,2019.0,0.0,0.0,Facebook Social,81.0,53.2
AISystems,56,67,Seed,neuralsystems.app,37.0,NYC,Fintech,2017.0,5.0,2.0,Facebook Social,95.0,54.6
SmartDynamics,72,29,Seed,ailabs.data,20.0,NYC,Healthcare,2020.0,6.0,0.0,Facebook Social,94.0,27.200000000000003
NeuralAnalytics,432,31,Series B,smartsystems.app,133.0,LA,Developer Tools,2020.0,18.0,0.0,Deep Tech R&D,93.0,16.8
MetaDynamics,58,58,Seed,nexttechnologies.dev,33.0,Austin,Healthcare,2015.0,4.0,0.0,Uber Ops-Heavy,79.0,41.400000000000006
CloudSystems,75,38,Series A,clouddynamics.cloud,28.0,LA,Security,2016.0,3.0,0.0,Facebook Social,90.0,30.400000000000002
DeepSystems,345,38,Series B,metalabs.ai,131.0,SF Bay Area,Fintech,2017.0,4.0,0.0,Deep Tech R&D,81.0,21.400000000000002
NeuralVentures,185,36,Series B,deeplabs.data,66.0,LA,E-commerce,2019.0,2.0,0.0,Uber Ops-Heavy,79.0,37.8
DeepSystems,1897,51,Series C,deepsystems.cloud,967.0,LA,Healthcare,2019.0,5.0,0.0,Deep Tech R&D,86.0,40.800000000000004
MetaSystems,135,49,Series A,datalabs.ai,66.0,Boston,Security,2023.0,10.0,0.0,Facebook Social,91.0,33.2
NeuralWorks,414,27,Series C,datatechnologies.data,111.0,NYC,Healthcare,2023.0,26.0,0.0,Early Stripe DNA,93.0,31.6
NeuralVentures,63,27,Series A,aitechnologies.dev,17.0,Austin,AI/ML,2016.0,3.0,0.0,Uber Ops-Heavy,73.0,26.6
NeuralVentures,1186,63,Series D,smartsolutions.io,747.0,LA,E-commerce,2015.0,18.0,3.0,Enterprise B2B,65.0,52.400000000000006
DataSystems,261,48,Series B,metaanalytics.tech,125.0,Boston,Developer Tools,2020.0,19.0,0.0,Airbnb Balanced,86.0,40.400000000000006
NextTechnologies,385,36,Series B,smartanalytics.cloud,138.0,Seattle,Security,2021.0,23.0,0.0,Uber Ops-Heavy,92.0,21.8
AIVentures,458,31,Series A,nextlabs.ai,141.0,Austin,E-commerce,2015.0,25.0,0.0,Early Stripe DNA,91.0,18.8
DataAnalytics,86,30,Series A,aidynamics.io,25.0,Boston,B2B SaaS,2021.0,6.0,0.0,Enterprise B2B,85.0,30.0
CloudTechnologies,86,74,Seed,quantumlabs.ai,63.0,LA,Security,2023.0,4.0,1.0,Early Stripe DNA,90.0,68.2
CloudLabs,99,64,Seed,nextsolutions.data,63.0,SF Bay Area,Fintech,2016.0,4.0,3.0,Airbnb Balanced,86.0,53.2
DataWorks,35,72,Seed,neuralanalytics.data,25.0,Boston,Healthcare,2020.0,2.0,1.0,Uber Ops-Heavy,84.0,53.6
CloudVentures,61,41,Seed,neuralworks.cloud,25.0,SF Bay Area,Healthcare,2019.0,2.0,0.0,Early Stripe DNA,90.0,38.800000000000004
MetaTechnologies,2549,69,Late Stage,aidynamics.dev,1758.0,Austin,E-commerce,2022.0,28.0,0.0,Facebook Social,68.0,53.2
AIDynamics,91,68,Seed,metadynamics.cloud,61.0,Boston,B2B SaaS,2019.0,3.0,2.0,Early Stripe DNA,77.0,54.400000000000006
NextSolutions,32,45,Series A,deepanalytics.ai,14.0,LA,E-commerce,2018.0,3.0,0.0,Deep Tech R&D,71.0,33.0
AIDynamics,2193,37,Series C,cloudworks.io,811.0,SF Bay Area,E-commerce,2022.0,19.0,0.0,Early Stripe DNA,89.0,36.6
QuantumAnalytics,290,45,Series C,quantumsystems.dev,130.0,Boston,AI/ML,2021.0,7.0,0.0,Enterprise B2B,69.0,27.0
TechDynamics,64,59,Series A,metasystems.app,37.0,SF Bay Area,E-commerce,2023.0,3.0,0.0,Airbnb Balanced,87.0,37.2
DataDynamics,36,62,Series A,nextanalytics.ai,22.0,Boston,AI/ML,2018.0,2.0,1.0,Enterprise B2B,75.0,50.6
NextDynamics,64,51,Seed,metaanalytics.app,32.0,NYC,Healthcare,2017.0,4.0,0.0,Deep Tech R&D,72.0,33.800000000000004
AISystems,384,49,Series B,cloudtechnologies.dev,188.0,SF Bay Area,Fintech,2021.0,15.0,0.0,Uber Ops-Heavy,93.0,49.2
SmartLabs,50,44,Series A,metaworks.data,22.0,NYC,B2B SaaS,2018.0,2.0,0.0,Facebook Social,91.0,45.2
NextAnalytics,52,48,Series A,nextlabs.app,24.0,SF Bay Area,AI/ML,2018.0,4.0,0.0,Enterprise B2B,85.0,48.400000000000006
NeuralTechnologies,46,45,Series A,quantumworks.app,20.0,Boston,AI/ML,2022.0,1.0,0.0,Uber Ops-Heavy,85.0,36.0
DataSystems,88,29,Series A,nextsolutions.tech,25.0,Seattle,E-commerce,2019.0,4.0,0.0,Enterprise B2B,85.0,25.200000000000003
DeepTechnologies,66,72,Series A,metasystems.ai,47.0,SF Bay Area,Fintech,2018.0,5.0,2.0,Deep Tech R&D,87.0,49.6
DataTechnologies,60,31,Seed,neurallabs.io,18.0,Austin,Healthcare,2016.0,0.0,0.0,Airbnb Balanced,84.0,18.8
AIAnalytics,59,39,Series A,quantumsystems.ai,23.0,Boston,Security,2017.0,0.0,0.0,Early Stripe DNA,86.0,32.2
SmartTechnologies,343,59,Series B,cloudsystems.cloud,202.0,Boston,Developer Tools,2021.0,16.0,0.0,Deep Tech R&D,85.0,54.2
AIWorks,54,59,Series A,quantumanalytics.tech,31.0,Austin,AI/ML,2017.0,2.0,0.0,Early Stripe DNA,65.0,53.2
NeuralLabs,276,55,Series B,quantumtechnologies.tech,151.0,SF Bay Area,Security,2021.0,25.0,0.0,Airbnb Balanced,84.0,41.0
MetaVentures,196,60,Series B,aisystems.data,117.0,LA,E-commerce,2021.0,12.0,0.0,Uber Ops-Heavy,73.0,40.0
NeuralAnalytics,40,43,Series A,metasolutions.dev,17.0,SF Bay Area,Fintech,2017.0,2.0,0.0,Early Stripe DNA,85.0,38.4
NextLabs,418,37,Series B,cloudlabs.cloud,154.0,SF Bay Area,Fintech,2016.0,9.0,0.0,Airbnb Balanced,69.0,33.6
AIDynamics,177,56,Series A,metaanalytics.dev,99.0,Austin,AI/ML,2022.0,1.0,0.0,Airbnb Balanced,67.0,38.800000000000004
QuantumSystems,60,59,Seed,aianalytics.dev,35.0,Austin,Security,2015.0,0.0,0.0,Deep Tech R&D,72.0,49.2
QuantumWorks,477,37,Series A,neuralsolutions.app,176.0,Austin,E-commerce,2019.0,29.0,0.0,Airbnb Balanced,70.0,39.6
SmartTechnologies,381,32,Series C,smartsolutions.tech,121.0,SF Bay Area,Security,2018.0,3.0,0.0,Uber Ops-Heavy,85.0,28.6
DataVentures,31,62,Series A,ailabs.io,19.0,Boston,Security,2022.0,1.0,1.0,Early Stripe DNA,72.0,44.6
TechLabs,97,73,Series A,nextsystems.data,70.0,Boston,Security,2016.0,2.0,3.0,Uber Ops-Heavy,75.0,65.4
TechVentures,324,37,Series C,nextsystems.tech,119.0,SF Bay Area,Developer Tools,2022.0,17.0,0.0,Airbnb Balanced,82.0,34.6
QuantumAnalytics,33,45,Series A,deepsystems.io,14.0,Boston,Fintech,2022.0,2.0,0.0,Airbnb Balanced,82.0,37.0
CloudLabs,91,71,Series A,deepdynamics.dev,64.0,Boston,Fintech,2020.0,1.0,4.0,Facebook Social,71.0,62.800000000000004
NextVentures,178,43,Series C,nextworks.io,76.0,Boston,E-commerce,2016.0,1.0,0.0,Uber Ops-Heavy,70.0,25.4
TechVentures,72,31,Seed,quantumanalytics.io,22.0,Seattle,Fintech,2016.0,0.0,0.0,Uber Ops-Heavy,85.0,29.8
NextVentures,339,28,Series C,nextlabs.dev,94.0,Boston,AI/ML,2023.0,1.0,0.0,Deep Tech R&D,67.0,21.400000000000002
AIVentures,37,31,Seed,aisolutions.cloud,11.0,LA,Fintech,2017.0,3.0,0.0,Deep Tech R&D,68.0,34.8
MetaWorks,96,69,Series A,cloudsystems.cloud,66.0,Austin,Healthcare,2020.0,2.0,4.0,Enterprise B2B,79.0,56.2
MetaDynamics,266,51,Series B,deepsolutions.cloud,135.0,Boston,Fintech,2021.0,24.0,0.0,Enterprise B2B,94.0,38.800000000000004
TechLabs,67,50,Series A,smartlabs.cloud,33.0,NYC,AI/ML,2015.0,2.0,0.0,Uber Ops-Heavy,71.0,40.0
NeuralSystems,98,60,Series A,datalabs.app,58.0,Seattle,Fintech,2017.0,4.0,0.0,Airbnb Balanced,93.0,56.0
DeepVentures,42,30,Series A,deepsolutions.data,12.0,SF Bay Area,E-commerce,2020.0,3.0,0.0,Uber Ops-Heavy,80.0,32.0
DeepVentures,428,27,Series B,datalabs.dev,115.0,Seattle,AI/ML,2021.0,13.0,0.0,Early Stripe DNA,92.0,18.6
MetaLabs,105,74,Series C,smartlabs.tech,77.0,Boston,Healthcare,2017.0,5.0,4.0,Deep Tech R&D,72.0,53.2
DeepWorks,60,73,Series A,aiventures.tech,43.0,Austin,Fintech,2017.0,2.0,0.0,Facebook Social,83.0,49.400000000000006
NeuralVentures,43,50,Seed,cloudsystems.app,21.0,Boston,Fintech,2022.0,3.0,0.0,Deep Tech R&D,83.0,36.0
DataAnalytics,77,40,Seed,metadynamics.data,30.0,Boston,B2B SaaS,2016.0,6.0,0.0,Facebook Social,76.0,33.0
SmartSystems,54,74,Seed,nexttechnologies.cloud,39.0,NYC,Developer Tools,2015.0,1.0,0.0,Deep Tech R&D,76.0,53.2
AISystems,1420,56,Late Stage,smartlabs.tech,795.0,LA,Security,2016.0,9.0,0.0,Facebook Social,80.0,34.800000000000004
NeuralAnalytics,78,38,Seed,neuraltechnologies.cloud,29.0,LA,Fintech,2015.0,6.0,0.0,Enterprise B2B,93.0,36.400000000000006
AIAnalytics,31,43,Seed,techtechnologies.data,13.0,SF Bay Area,B2B SaaS,2021.0,2.0,0.0,Deep Tech R&D,92.0,35.4
MetaWorks,432,39,Series B,nexttechnologies.dev,168.0,Boston,Healthcare,2016.0,5.0,0.0,Uber Ops-Heavy,81.0,35.2
NeuralAnalytics,12,40,Seed,nexttechnologies.app,4.0,LA,Fintech,2015.0,1.0,0.0,Deep Tech R&D,76.0,33.0
SmartVentures,356,28,Series B,techanalytics.ai,99.0,NYC,AI/ML,2021.0,21.0,0.0,Uber Ops-Heavy,67.0,24.400000000000002
AISystems,96,51,Seed,metaanalytics.cloud,48.0,Seattle,Developer Tools,2023.0,2.0,0.0,Uber Ops-Heavy,85.0,34.800000000000004
SmartSystems,97,33,Seed,metasystems.data,32.0,Boston,Fintech,2020.0,1.0,0.0,Enterprise B2B,82.0,19.400000000000002
NextVentures,28,73,Seed,metaanalytics.app,20.0,LA,Security,2019.0,0.0,0.0,Early Stripe DNA,69.0,53.400000000000006
DeepSolutions,88,63,Series A,deepsolutions.ai,55.0,LA,B2B SaaS,2020.0,1.0,3.0,Uber Ops-Heavy,81.0,59.400000000000006
MetaTechnologies,93,36,Series A,quantumsystems.ai,33.0,NYC,Fintech,2015.0,6.0,0.0,Early Stripe DNA,94.0,26.8
AIWorks,443,73,Series A,cloudtechnologies.dev,323.0,Boston,Developer Tools,2020.0,27.0,14.0,Uber Ops-Heavy,78.0,60.400000000000006
MetaLabs,294,45,Series C,neuralworks.app,132.0,Austin,Security,2015.0,28.0,0.0,Uber Ops-Heavy,81.0,43.0
TechSolutions,15,58,Series A,smarttechnologies.app,8.0,Seattle,Security,2019.0,1.0,0.0,Uber Ops-Heavy,78.0,45.400000000000006
QuantumWorks,364,54,Series A,neuralworks.ai,196.0,Boston,E-commerce,2023.0,4.0,0.0,Facebook Social,78.0,43.2
AITechnologies,32,62,Series A,dataanalytics.tech,19.0,LA,E-commerce,2017.0,0.0,0.0,Early Stripe DNA,87.0,53.6
NeuralSystems,462,71,Series B,metaventures.io,328.0,NYC,AI/ML,2017.0,5.0,4.0,Uber Ops-Heavy,89.0,47.800000000000004
CloudWorks,49,43,Series A,cloudsolutions.io,21.0,Boston,Security,2019.0,0.0,0.0,Facebook Social,80.0,39.4
AITechnologies,10,40,Series A,quantumventures.app,4.0,SF Bay Area,Healthcare,2015.0,0.0,0.0,Enterprise B2B,73.0,41.0
CloudLabs,206,36,Series A,nextlabs.ai,74.0,SF Bay Area,E-commerce,2019.0,10.0,0.0,Early Stripe DNA,66.0,21.8
SmartSystems,32,68,Seed,quantumdynamics.io,21.0,SF Bay Area,Security,2019.0,2.0,1.0,Facebook Social,91.0,46.400000000000006
CloudWorks,133,55,Series B,smartdynamics.cloud,73.0,Austin,Healthcare,2018.0,11.0,0.0,Uber Ops-Heavy,84.0,35.0
DeepAnalytics,90,55,Seed,metadynamics.tech,49.0,Boston,Healthcare,2020.0,2.0,0.0,Enterprise B2B,83.0,49.0
CloudSolutions,90,56,Series A,smartsolutions.io,50.0,SF Bay Area,B2B SaaS,2022.0,1.0,0.0,Deep Tech R&D,92.0,40.800000000000004
NextSolutions,3891,46,Series C,techsolutions.data,1789.0,Seattle,AI/ML,2016.0,9.0,0.0,Airbnb Balanced,81.0,43.800000000000004
NextDynamics,10,68,Seed,metalabs.dev,6.0,NYC,Fintech,2020.0,1.0,0.0,Facebook Social,90.0,45.400000000000006
NextTechnologies,421,59,Series B,metalabs.dev,248.0,Boston,AI/ML,2020.0,17.0,0.0,Enterprise B2B,65.0,43.2
CloudAnalytics,52,29,Series A,techdynamics.app,15.0,LA,Healthcare,2017.0,4.0,0.0,Enterprise B2B,77.0,18.200000000000003
TechAnalytics,49,70,Series A,metaworks.app,34.0,NYC,AI/ML,2022.0,2.0,0.0,Enterprise B2B,74.0,51.0
QuantumLabs,14,30,Seed,quantumsystems.ai,4.0,Seattle,Developer Tools,2023.0,1.0,0.0,Airbnb Balanced,69.0,17.0
TechTechnologies,1587,71,Series C,metaworks.io,1126.0,Seattle,B2B SaaS,2016.0,10.0,14.0,Early Stripe DNA,68.0,62.800000000000004
SmartSolutions,111,73,Series C,nextsolutions.ai,81.0,Seattle,AI/ML,2023.0,5.0,3.0,Deep Tech R&D,68.0,56.400000000000006
DeepWorks,45,25,Seed,aidynamics.cloud,11.0,Seattle,AI/ML,2017.0,2.0,0.0,Enterprise B2B,72.0,15.0
QuantumLabs,88,59,Series A,cloudlabs.app,51.0,LA,B2B SaaS,2016.0,6.0,0.0,Early Stripe DNA,67.0,50.2
NextAnalytics,100,64,Series A,nextsolutions.data,64.0,LA,Security,2023.0,1.0,3.0,Enterprise B2B,69.0,43.2
SmartTechnologies,4336,54,Series C,quantumsolutions.ai,2341.0,NYC,Security,2019.0,29.0,0.0,Airbnb Balanced,77.0,38.2
TechWorks,266,56,Series B,quantumworks.tech,148.0,Austin,Developer Tools,2017.0,9.0,0.0,Airbnb Balanced,84.0,52.800000000000004
DataDynamics,23,70,Series A,neuralworks.dev,16.0,Seattle,Healthcare,2022.0,1.0,1.0,Uber Ops-Heavy,84.0,53.0
NextSolutions,71,29,Series A,deepventures.dev,20.0,Austin,Healthcare,2020.0,3.0,0.0,Uber Ops-Heavy,86.0,15.200000000000003
DeepTechnologies,349,62,Series A,nextworks.dev,216.0,Austin,Fintech,2019.0,30.0,12.0,Early Stripe DNA,84.0,42.6
TechWorks,294,56,Series B,aisystems.cloud,164.0,LA,Security,2015.0,24.0,0.0,Uber Ops-Heavy,86.0,38.800000000000004
DeepTechnologies,47,64,Series A,aisolutions.data,30.0,Seattle,AI/ML,2019.0,3.0,2.0,Airbnb Balanced,67.0,59.2
SmartLabs,75,33,Series A,nextlabs.io,24.0,LA,Healthcare,2020.0,1.0,0.0,Airbnb Balanced,92.0,16.400000000000002
NextVentures,99,65,Series A,metaventures.app,64.0,Boston,Fintech,2017.0,7.0,1.0,Uber Ops-Heavy,82.0,54.0
CloudSystems,313,43,Series A,techworks.data,134.0,SF Bay Area,Fintech,2022.0,21.0,0.0,Facebook Social,69.0,26.4
DeepVentures,63,75,Series A,deepsystems.app,47.0,Boston,Developer Tools,2023.0,6.0,3.0,Facebook Social,76.0,57.0
QuantumSolutions,87,61,Seed,neuralanalytics.app,53.0,Boston,Healthcare,2020.0,0.0,0.0,Enterprise B2B,80.0,49.800000000000004
NeuralAnalytics,71,34,Seed,quantumworks.cloud,24.0,Boston,B2B SaaS,2018.0,7.0,0.0,Deep Tech R&D,88.0,19.200000000000003
TechDynamics,396,64,Series B,neurallabs.app,253.0,Austin,Healthcare,2022.0,18.0,10.0,Facebook Social,76.0,50.2
DeepAnalytics,14,71,Series A,techtechnologies.cloud,9.0,NYC,Healthcare,2015.0,1.0,0.0,Airbnb Balanced,80.0,48.800000000000004
CloudAnalytics,19,41,Series A,smartanalytics.io,7.0,LA,B2B SaaS,2017.0,0.0,0.0,Deep Tech R&D,79.0,33.800000000000004
CloudLabs,458,56,Series A,nextworks.ai,256.0,Boston,Security,2017.0,26.0,0.0,Facebook Social,89.0,47.800000000000004
CloudSolutions,325,65,Series C,deepdynamics.io,211.0,LA,AI/ML,2016.0,1.0,5.0,Facebook Social,77.0,57.0
MetaTechnologies,78,49,Seed,smartsystems.cloud,38.0,Austin,B2B SaaS,2019.0,7.0,0.0,Facebook Social,86.0,39.2
NextVentures,121,59,Series A,deepanalytics.tech,71.0,Seattle,AI/ML,2016.0,4.0,0.0,Deep Tech R&D,83.0,49.2
DeepSolutions,96,71,Seed,neuraldynamics.data,68.0,LA,Fintech,2020.0,8.0,0.0,Deep Tech R&D,65.0,48.800000000000004
QuantumDynamics,22,68,Seed,aianalytics.tech,14.0,NYC,B2B SaaS,2015.0,2.0,0.0,Early Stripe DNA,95.0,63.400000000000006
DataWorks,406,32,Series C,deepsystems.app,129.0,LA,Security,2017.0,28.0,0.0,Early Stripe DNA,87.0,20.6
QuantumAnalytics,69,65,Seed,metadynamics.tech,44.0,NYC,Security,2016.0,2.0,0.0,Facebook Social,77.0,52.0
DataTechnologies,235,53,Series A,aiventures.ai,124.0,LA,Developer Tools,2016.0,4.0,0.0,Enterprise B2B,89.0,45.400000000000006
SmartWorks,92,53,Seed,techworks.io,48.0,Boston,E-commerce,2019.0,7.0,0.0,Early Stripe DNA,93.0,47.400000000000006
MetaAnalytics,91,27,Seed,clouddynamics.app,24.0,Boston,B2B SaaS,2023.0,7.0,0.0,Facebook Social,78.0,23.6
TechVentures,135,39,Series C,quantumworks.cloud,52.0,Boston,AI/ML,2020.0,10.0,0.0,Airbnb Balanced,77.0,22.200000000000003
NextWorks,1242,59,Series D,quantumanalytics.data,732.0,NYC,Fintech,2023.0,1.0,0.0,Facebook Social,86.0,43.2
NextTechnologies,59,65,Seed,datatechnologies.data,38.0,NYC,Fintech,2015.0,1.0,0.0,Deep Tech R&D,83.0,49.0
NeuralTechnologies,18,56,Series A,techlabs.tech,10.0,SF Bay Area,AI/ML,2015.0,1.0,0.0,Early Stripe DNA,71.0,54.800000000000004
DeepSolutions,447,34,Series C,datalabs.data,151.0,NYC,Developer Tools,2015.0,15.0,0.0,Enterprise B2B,66.0,24.200000000000003
SmartWorks,188,28,Series C,quantumsystems.dev,52.0,Boston,B2B SaaS,2016.0,3.0,0.0,Facebook Social,84.0,31.400000000000002
MetaDynamics,35,46,Series A,datasystems.tech,16.0,NYC,Security,2015.0,1.0,0.0,Airbnb Balanced,67.0,29.800000000000004
NextSystems,63,69,Seed,quantumsolutions.cloud,43.0,SF Bay Area,Fintech,2016.0,6.0,3.0,Uber Ops-Heavy,65.0,60.2
DeepAnalytics,10,30,Seed,metatechnologies.data,3.0,NYC,Fintech,2017.0,1.0,0.0,Enterprise B2B,79.0,27.0
CloudTechnologies,32,63,Seed,deepworks.data,20.0,Seattle,AI/ML,2021.0,0.0,0.0,Uber Ops-Heavy,68.0,56.400000000000006
AITechnologies,489,57,Series C,aianalytics.io,278.0,NYC,B2B SaaS,2017.0,21.0,0.0,Facebook Social,80.0,40.6
NextAnalytics,15,66,Seed,aiventures.tech,9.0,Seattle,Healthcare,2022.0,0.0,0.0,Deep Tech R&D,66.0,59.800000000000004
DataWorks,13,57,Series A,aitechnologies.cloud,7.0,Boston,AI/ML,2021.0,0.0,0.0,Deep Tech R&D,86.0,45.6
DataSolutions,24,39,Series A,metasolutions.app,9.0,NYC,B2B SaaS,2022.0,2.0,0.0,Facebook Social,66.0,34.2
MetaDynamics,88,36,Series A,cloudtechnologies.data,31.0,NYC,E-commerce,2020.0,4.0,0.0,Uber Ops-Heavy,75.0,22.8
CloudWorks,82,42,Seed,quantumtechnologies.app,34.0,NYC,Security,2020.0,3.0,0.0,Airbnb Balanced,84.0,28.6
NeuralSolutions,413,61,Series A,dataventures.dev,251.0,Boston,Developer Tools,2018.0,18.0,15.0,Facebook Social,73.0,38.800000000000004
MetaSolutions,226,45,Series A,deepsystems.cloud,101.0,SF Bay Area,Developer Tools,2015.0,1.0,0.0,Facebook Social,88.0,42.0
DataTechnologies,77,55,Series A,quantumsolutions.io,42.0,Boston,Security,2015.0,6.0,0.0,Uber Ops-Heavy,69.0,45.0
QuantumAnalytics,92,26,Seed,cloudtechnologies.dev,23.0,Boston,E-commerce,2015.0,7.0,0.0,Facebook Social,89.0,14.8
TechWorks,289,54,Series C,metadynamics.cloud,156.0,SF Bay Area,AI/ML,2021.0,24.0,0.0,Airbnb Balanced,87.0,52.2
NextLabs,36,64,Seed,neuraldynamics.io,23.0,SF Bay Area,Developer Tools,2020.0,3.0,0.0,Airbnb Balanced,76.0,46.2
AISystems,387,74,Series C,nextsolutions.cloud,286.0,SF Bay Area,E-commerce,2022.0,23.0,6.0,Deep Tech R&D,89.0,56.2
TechWorks,44,42,Series A,nextdynamics.app,18.0,Austin,Healthcare,2023.0,0.0,0.0,Facebook Social,87.0,40.6
NextWorks,249,64,Series B,aitechnologies.io,159.0,SF Bay Area,Developer Tools,2017.0,9.0,1.0,Early Stripe DNA,70.0,49.2
AILabs,28,34,Series A,smartventures.data,9.0,Boston,Fintech,2022.0,1.0,0.0,Facebook Social,79.0,37.2
AIDynamics,34,26,Seed,metadynamics.data,8.0,LA,Security,2020.0,3.0,0.0,Enterprise B2B,86.0,26.8
SmartSystems,255,33,Series C,smartsolutions.app,84.0,Seattle,AI/ML,2015.0,4.0,0.0,Airbnb Balanced,74.0,30.400000000000002
SmartSystems,182,59,Series C,cloudsystems.ai,107.0,NYC,B2B SaaS,2015.0,10.0,0.0,Enterprise B2B,69.0,51.2
TechDynamics,33,60,Seed,nextsystems.tech,19.0,Austin,Healthcare,2017.0,2.0,0.0,Early Stripe DNA,94.0,38.0
NextSystems,73,54,Seed,techdynamics.data,39.0,LA,AI/ML,2022.0,4.0,0.0,Enterprise B2B,86.0,37.2
DataTechnologies,326,69,Series B,techsystems.data,224.0,Boston,B2B SaaS,2019.0,0.0,12.0,Enterprise B2B,91.0,52.2
DeepSolutions,21,28,Series A,deepsolutions.dev,5.0,Seattle,Fintech,2015.0,0.0,0.0,Enterprise B2B,92.0,26.400000000000002
QuantumDynamics,4692,37,Series D,deeplabs.data,1736.0,Seattle,Developer Tools,2017.0,22.0,0.0,Facebook Social,76.0,31.6
SmartTechnologies,46,47,Series A,neuralworks.ai,21.0,LA,Developer Tools,2021.0,3.0,0.0,Airbnb Balanced,70.0,40.6
CloudSolutions,400,30,Series C,smarttechnologies.dev,120.0,Boston,AI/ML,2016.0,29.0,0.0,Enterprise B2B,89.0,26.0
CloudTechnologies,62,51,Series A,deepsystems.ai,31.0,NYC,Security,2021.0,2.0,0.0,Enterprise B2B,80.0,31.800000000000004
NeuralTechnologies,399,56,Series B,ailabs.dev,223.0,SF Bay Area,Fintech,2019.0,9.0,0.0,Deep Tech R&D,91.0,54.800000000000004
CloudTechnologies,93,51,Series A,ailabs.io,47.0,Seattle,Developer Tools,2016.0,9.0,0.0,Deep Tech R&D,76.0,48.800000000000004
QuantumWorks,65,65,Series A,nextlabs.dev,42.0,Seattle,Fintech,2015.0,1.0,2.0,Facebook Social,93.0,46.0
MetaDynamics,16,48,Series A,techanalytics.tech,7.0,Boston,E-commerce,2016.0,0.0,0.0,Deep Tech R&D,70.0,31.400000000000006
SmartAnalytics,31,45,Series A,nextworks.cloud,13.0,Boston,AI/ML,2017.0,0.0,0.0,Uber Ops-Heavy,81.0,35.0
CloudWorks,72,46,Series A,aisystems.cloud,33.0,NYC,Security,2018.0,1.0,0.0,Facebook Social,79.0,28.800000000000004
NextAnalytics,26,55,Seed,nextsystems.dev,14.0,Austin,Healthcare,2023.0,1.0,0.0,Uber Ops-Heavy,87.0,43.0
CloudSolutions,25,33,Seed,smartsystems.ai,8.0,NYC,B2B SaaS,2021.0,2.0,0.0,Early Stripe DNA,67.0,16.400000000000002
TechLabs,121,31,Series A,quantumworks.tech,37.0,SF Bay Area,B2B SaaS,2019.0,10.0,0.0,Early Stripe DNA,89.0,17.8
AISystems,2182,83,Late Stage,nextlabs.io,1811.0,NYC,Security,2019.0,30.0,11.0,Airbnb Balanced,70.0,72.4
DataLabs,358,29,Series C,neuralsolutions.data,103.0,NYC,AI/ML,2017.0,28.0,0.0,Enterprise B2B,65.0,16.200000000000003
DeepSystems,4388,69,Series D,quantumworks.ai,3027.0,Seattle,Developer Tools,2021.0,6.0,7.0,Facebook Social,68.0,55.2
NextAnalytics,24,56,Seed,neurallabs.io,13.0,Seattle,Developer Tools,2016.0,1.0,0.0,Airbnb Balanced,79.0,53.800000000000004
MetaAnalytics,327,60,Series A,metasolutions.dev,196.0,SF Bay Area,Security,2022.0,30.0,0.0,Deep Tech R&D,76.0,43.0
DataVentures,96,68,Series A,quantumworks.io,65.0,NYC,Developer Tools,2021.0,9.0,0.0,Deep Tech R&D,94.0,49.400000000000006
DeepVentures,35,37,Series A,datasolutions.dev,12.0,Austin,E-commerce,2022.0,2.0,0.0,Deep Tech R&D,89.0,37.6
QuantumVentures,92,47,Series A,quantumanalytics.ai,43.0,Austin,B2B SaaS,2016.0,4.0,0.0,Facebook Social,80.0,34.6
DataTechnologies,150,28,Series C,techsystems.app,42.0,Boston,E-commerce,2020.0,4.0,0.0,Airbnb Balanced,84.0,31.400000000000002
QuantumSolutions,19,75,Series A,smarttechnologies.app,14.0,Boston,AI/ML,2023.0,1.0,0.0,Early Stripe DNA,78.0,53.0
QuantumLabs,50,53,Series A,techsystems.cloud,26.0,LA,Security,2019.0,5.0,0.0,Uber Ops-Heavy,80.0,45.400000000000006
DataTechnologies,59,73,Series A,neuraltechnologies.app,43.0,Boston,Security,2017.0,4.0,0.0,Facebook Social,73.0,63.400000000000006
SmartDynamics,58,74,Series A,techlabs.cloud,42.0,SF Bay Area,Fintech,2020.0,2.0,2.0,Enterprise B2B,65.0,69.2
NextVentures,22,47,Series A,nextlabs.data,10.0,NYC,Fintech,2018.0,2.0,0.0,Airbnb Balanced,83.0,29.6
CloudLabs,256,46,Series A,neuraldynamics.io,117.0,Austin,E-commerce,2021.0,18.0,0.0,Enterprise B2B,93.0,39.800000000000004
TechDynamics,99,62,Series A,metaventures.tech,61.0,Boston,B2B SaaS,2022.0,1.0,1.0,Airbnb Balanced,80.0,55.6
NextVentures,185,44,Series C,aitechnologies.data,81.0,SF Bay Area,Security,2023.0,6.0,0.0,Airbnb Balanced,73.0,26.200000000000003
DeepWorks,83,39,Series A,deepworks.cloud,32.0,Seattle,AI/ML,2016.0,8.0,0.0,Facebook Social,78.0,27.200000000000003
SmartVentures,19,57,Series A,neuraldynamics.ai,10.0,Austin,Developer Tools,2019.0,1.0,0.0,Deep Tech R&D,89.0,52.6
QuantumSolutions,12,61,Seed,quantumanalytics.data,7.0,Boston,Security,2021.0,0.0,0.0,Airbnb Balanced,79.0,42.800000000000004
